,0,1,2,3,4,5,6,7,8,9,10,11
0,468,404,129,1425,94,2010-Q1,1,A02,A00,U,11,18
1,1043,993,89,3412,67,2010-Q1,1,A07,A00,U,11,18
2,135,114,63,1040,38,2010-Q1,2,A02,A00,U,11,18
3,445,409,61,2063,43,2010-Q1,2,A07,A00,U,11,18
4,91,86,10,3241,8,2010-Q1,1,A02,A00,U,21,18
5,918,887,26,5859,36,2010-Q1,1,A07,A00,U,21,18
6,5,5,,2151,0,2010-Q1,2,A02,A00,U,21,18
7,92,88,4,3472,5,2010-Q1,2,A07,A00,U,21,18
8,54,51,19,2064,5,2010-Q1,1,A02,A00,U,22,18
9,3382,3230,101,7531,226,2010-Q1,1,A07,A00,U,22,18
10,18,14,9,1522,4,2010-Q1,2,A02,A00,U,22,18
11,856,815,44,4698,66,2010-Q1,2,A07,A00,U,22,18
12,2406,1955,868,1574,716,2010-Q1,1,A02,A00,U,23,18
13,10358,9377,1515,4703,1498,2010-Q1,1,A07,A00,U,23,18
14,308,248,86,1138,93,2010-Q1,2,A02,A00,U,23,18
15,2352,2178,221,2500,243,2010-Q1,2,A07,A00,U,23,18
16,522,409,438,1624,224,2010-Q2,1,A02,A00,U,11,18
17,1159,1016,258,3456,217,2010-Q2,1,A07,A00,U,11,18
18,164,117,248,1230,104,2010-Q2,2,A02,A00,U,11,18
19,510,442,125,2023,110,2010-Q2,2,A07,A00,U,11,18
20,86,81,62,3614,9,2010-Q2,1,A02,A00,U,21,18
21,983,961,75,5491,41,2010-Q2,1,A07,A00,U,21,18
22,4,4,6,2572,,2010-Q2,2,A02,A00,U,21,18
23,96,94,5,3561,4,2010-Q2,2,A07,A00,U,21,18
24,61,56,107,2203,9,2010-Q2,1,A02,A00,U,22,18
25,3407,3289,38,6975,131,2010-Q2,1,A07,A00,U,22,18
26,20,19,35,1441,3,2010-Q2,2,A02,A00,U,22,18
27,866,836,11,4324,34,2010-Q2,2,A07,A00,U,22,18
28,2561,2057,2570,2054,1133,2010-Q2,1,A02,A00,U,23,18
29,11726,10554,3861,4910,2538,2010-Q2,1,A07,A00,U,23,18
30,302,255,364,1443,125,2010-Q2,2,A02,A00,U,23,18
31,2556,2363,420,2692,318,2010-Q2,2,A07,A00,U,23,18
32,743,442,740,1696,836,2010-Q3,1,A02,A00,U,11,18
33,1180,1073,533,3452,447,2010-Q3,1,A07,A00,U,11,18
34,315,156,383,1221,444,2010-Q3,2,A02,A00,U,11,18
35,509,453,242,2223,178,2010-Q3,2,A07,A00,U,11,18
36,117,88,44,3597,35,2010-Q3,1,A02,A00,U,21,18
37,1019,983,21,5998,43,2010-Q3,1,A07,A00,U,21,18
38,10,5,,2379,7,2010-Q3,2,A02,A00,U,21,18
39,98,93,8,3559,6,2010-Q3,2,A07,A00,U,21,18
40,146,70,28,2362,83,2010-Q3,1,A02,A00,U,22,18
41,3395,3150,38,6809,258,2010-Q3,1,A07,A00,U,22,18
42,53,20,4,1486,34,2010-Q3,2,A02,A00,U,22,18
43,869,810,5,4337,60,2010-Q3,2,A07,A00,U,22,18
44,3696,2326,1713,2148,2100,2010-Q3,1,A02,A00,U,23,18
45,13180,11558,3069,4952,3053,2010-Q3,1,A07,A00,U,23,18
46,504,284,202,1504,328,2010-Q3,2,A02,A00,U,23,18
47,2667,2449,328,2759,334,2010-Q3,2,A07,A00,U,23,18
48,602,370,149,1713,309,2010-Q4,1,A02,A00,U,11,18
49,1274,980,257,3913,405,2010-Q4,1,A07,A00,U,11,18
50,244,131,71,1077,157,2010-Q4,2,A02,A00,U,11,18
51,566,413,125,2246,210,2010-Q4,2,A07,A00,U,11,18
52,110,94,24,4044,21,2010-Q4,1,A02,A00,U,21,18
53,1038,962,26,6589,89,2010-Q4,1,A07,A00,U,21,18
54,6,5,,2728,3,2010-Q4,2,A02,A00,U,21,18
55,98,91,,4246,8,2010-Q4,2,A07,A00,U,21,18
56,78,67,8,2756,11,2010-Q4,1,A02,A00,U,22,18
57,3320,3251,34,8099,82,2010-Q4,1,A07,A00,U,22,18
58,21,20,3,1396,,2010-Q4,2,A02,A00,U,22,18
59,846,823,14,5147,31,2010-Q4,2,A07,A00,U,22,18
60,3027,2039,1101,2105,1502,2010-Q4,1,A02,A00,U,23,18
61,13459,10434,2657,5764,4560,2010-Q4,1,A07,A00,U,23,18
62,348,246,139,1354,164,2010-Q4,2,A02,A00,U,23,18
63,2637,2234,302,3168,569,2010-Q4,2,A07,A00,U,23,18
64,436,374,136,1476,90,2011-Q1,1,A02,A00,U,11,18
65,1098,1021,83,3448,99,2011-Q1,1,A07,A00,U,11,18
66,151,122,45,967,42,2011-Q1,2,A02,A00,U,11,18
67,470,435,64,2183,44,2011-Q1,2,A07,A00,U,11,18
68,98,83,42,3857,16,2011-Q1,1,A02,A00,U,21,18
69,986,935,35,6073,55,2011-Q1,1,A07,A00,U,21,18
70,3,3,,2218,0,2011-Q1,2,A02,A00,U,21,18
71,91,85,7,3559,7,2011-Q1,2,A07,A00,U,21,18
72,69,63,16,2142,7,2011-Q1,1,A02,A00,U,22,18
73,3416,3236,197,8455,343,2011-Q1,1,A07,A00,U,22,18
74,22,17,5,1333,5,2011-Q1,2,A02,A00,U,22,18
75,865,815,65,5138,103,2011-Q1,2,A07,A00,U,22,18
76,2345,1836,894,1666,830,2011-Q1,1,A02,A00,U,23,18
77,11448,10140,1952,4709,2199,2011-Q1,1,A07,A00,U,23,18
78,303,240,118,1053,111,2011-Q1,2,A02,A00,U,23,18
79,2362,2179,269,2577,303,2011-Q1,2,A07,A00,U,23,18
80,499,395,462,1689,232,2011-Q2,1,A02,A00,U,11,18
81,1163,1076,271,3534,158,2011-Q2,1,A07,A00,U,11,18
82,159,126,207,1209,80,2011-Q2,2,A02,A00,U,11,18
83,545,497,144,2169,90,2011-Q2,2,A07,A00,U,11,18
84,120,111,76,4436,16,2011-Q2,1,A02,A00,U,21,18
85,1046,1011,58,5944,42,2011-Q2,1,A07,A00,U,21,18
86,5,4,8,2213,,2011-Q2,2,A02,A00,U,21,18
87,99,97,9,3953,5,2011-Q2,2,A07,A00,U,21,18
88,67,63,88,2628,12,2011-Q2,1,A02,A00,U,22,18
89,3396,3266,49,7310,147,2011-Q2,1,A07,A00,U,22,18
90,22,20,32,1456,3,2011-Q2,2,A02,A00,U,22,18
91,860,836,17,4444,27,2011-Q2,2,A07,A00,U,22,18
92,2335,1889,2901,2125,1131,2011-Q2,1,A02,A00,U,23,18
93,12558,11155,4461,5084,3011,2011-Q2,1,A07,A00,U,23,18
94,304,246,351,1341,123,2011-Q2,2,A02,A00,U,23,18
95,2541,2364,508,2783,320,2011-Q2,2,A07,A00,U,23,18
96,726,468,757,1712,801,2011-Q3,1,A02,A00,U,11,18
97,1288,1172,506,3720,413,2011-Q3,1,A07,A00,U,11,18
98,301,150,365,1250,414,2011-Q3,2,A02,A00,U,11,18
99,590,532,248,3106,170,2011-Q3,2,A07,A00,U,11,18
100,162,119,53,5274,52,2011-Q3,1,A02,A00,U,21,18
101,1093,1060,49,6428,44,2011-Q3,1,A07,A00,U,21,18
102,11,6,,1897,5,2011-Q3,2,A02,A00,U,21,18
103,108,103,7,3792,5,2011-Q3,2,A07,A00,U,21,18
104,128,61,21,3173,75,2011-Q3,1,A02,A00,U,22,18
105,3434,3347,34,7521,92,2011-Q3,1,A07,A00,U,22,18
106,49,18,7,1297,34,2011-Q3,2,A02,A00,U,22,18
107,902,884,21,4826,21,2011-Q3,2,A07,A00,U,22,18
108,3753,2288,2125,2306,2425,2011-Q3,1,A02,A00,U,23,18
109,14226,12532,3886,5301,3555,2011-Q3,1,A07,A00,U,23,18
110,486,254,227,1342,356,2011-Q3,2,A02,A00,U,23,18
111,2745,2551,379,2899,337,2011-Q3,2,A07,A00,U,23,18
112,620,420,191,1674,280,2011-Q4,1,A02,A00,U,11,18
113,1356,1099,253,4144,394,2011-Q4,1,A07,A00,U,11,18
114,221,114,74,1123,144,2011-Q4,2,A02,A00,U,11,18
115,640,494,85,2322,206,2011-Q4,2,A07,A00,U,11,18
116,143,124,40,4796,26,2011-Q4,1,A02,A00,U,21,18
117,1113,1078,51,6289,48,2011-Q4,1,A07,A00,U,21,18
118,6,4,3,2007,5,2011-Q4,2,A02,A00,U,21,18
119,115,109,9,4037,8,2011-Q4,2,A07,A00,U,21,18
120,66,60,9,2687,7,2011-Q4,1,A02,A00,U,22,18
121,3468,3418,44,7312,71,2011-Q4,1,A07,A00,U,22,18
122,18,15,,1022,3,2011-Q4,2,A02,A00,U,22,18
123,921,905,19,4977,22,2011-Q4,2,A07,A00,U,22,18
124,3163,2221,1292,2111,1485,2011-Q4,1,A02,A00,U,23,18
125,14798,12107,3006,5789,4299,2011-Q4,1,A07,A00,U,23,18
126,331,244,136,1289,150,2011-Q4,2,A02,A00,U,23,18
127,2796,2500,358,3143,458,2011-Q4,2,A07,A00,U,23,18
128,487,406,207,1485,136,2012-Q1,1,A02,A00,U,11,18
129,1186,1117,155,3765,96,2012-Q1,1,A07,A00,U,11,18
130,140,115,79,1134,40,2012-Q1,2,A02,A00,U,11,18
131,495,458,76,2322,49,2012-Q1,2,A07,A00,U,11,18
132,132,118,44,4780,25,2012-Q1,1,A02,A00,U,21,18
133,1085,1045,34,6461,48,2012-Q1,1,A07,A00,U,21,18
134,4,4,,1789,0,2012-Q1,2,A02,A00,U,21,18
135,115,112,,3739,4,2012-Q1,2,A07,A00,U,21,18
136,60,57,23,2871,5,2012-Q1,1,A02,A00,U,22,18
137,3477,3342,96,9116,204,2012-Q1,1,A07,A00,U,22,18
138,15,14,7,1329,3,2012-Q1,2,A02,A00,U,22,18
139,922,886,31,5563,57,2012-Q1,2,A07,A00,U,22,18
140,2659,2134,1058,1830,852,2012-Q1,1,A02,A00,U,23,18
141,13131,11703,2253,5185,2224,2012-Q1,1,A07,A00,U,23,18
142,280,223,134,1068,98,2012-Q1,2,A02,A00,U,23,18
143,2586,2414,265,2737,247,2012-Q1,2,A07,A00,U,23,18
144,584,464,505,1736,266,2012-Q2,1,A02,A00,U,11,18
145,1347,1242,292,3670,176,2012-Q2,1,A07,A00,U,11,18
146,190,141,244,1303,100,2012-Q2,2,A02,A00,U,11,18
147,586,512,154,2302,139,2012-Q2,2,A07,A00,U,11,18
148,140,127,64,4757,21,2012-Q2,1,A02,A00,U,21,18
149,1147,1103,52,5812,53,2012-Q2,1,A07,A00,U,21,18
150,5,3,7,1954,5,2012-Q2,2,A02,A00,U,21,18
151,116,113,12,3678,4,2012-Q2,2,A07,A00,U,21,18
152,69,61,84,2602,10,2012-Q2,1,A02,A00,U,22,18
153,3492,3371,64,7144,152,2012-Q2,1,A07,A00,U,22,18
154,15,11,32,1522,5,2012-Q2,2,A02,A00,U,22,18
155,935,907,19,4674,32,2012-Q2,2,A07,A00,U,22,18
156,2768,2223,2819,2200,1266,2012-Q2,1,A02,A00,U,23,18
157,14308,12669,4147,5270,3112,2012-Q2,1,A07,A00,U,23,18
158,319,255,373,1253,143,2012-Q2,2,A02,A00,U,23,18
159,2786,2600,434,2872,311,2012-Q2,2,A07,A00,U,23,18
160,840,493,660,1661,811,2012-Q3,1,A02,A00,U,11,18
161,1483,1342,513,3916,446,2012-Q3,1,A07,A00,U,11,18
162,349,157,338,1295,445,2012-Q3,2,A02,A00,U,11,18
163,598,533,256,2717,191,2012-Q3,2,A07,A00,U,11,18
164,166,126,28,4608,47,2012-Q3,1,A02,A00,U,21,18
165,1143,1109,27,6240,43,2012-Q3,1,A07,A00,U,21,18
166,7,4,4,1204,5,2012-Q3,2,A02,A00,U,21,18
167,123,116,5,3662,10,2012-Q3,2,A07,A00,U,21,18
168,130,70,29,3099,63,2012-Q3,1,A02,A00,U,22,18
169,3492,3401,61,7517,107,2012-Q3,1,A07,A00,U,22,18
170,40,14,4,1268,27,2012-Q3,2,A02,A00,U,22,18
171,956,930,15,4697,27,2012-Q3,2,A07,A00,U,22,18
172,4019,2486,1708,2198,2231,2012-Q3,1,A02,A00,U,23,18
173,15509,13499,3478,5279,3578,2012-Q3,1,A07,A00,U,23,18
174,494,273,167,1387,297,2012-Q3,2,A02,A00,U,23,18
175,2922,2714,316,2930,319,2012-Q3,2,A07,A00,U,23,18
176,633,420,160,1712,290,2012-Q4,1,A02,A00,U,11,18
177,1518,1241,178,4385,399,2012-Q4,1,A07,A00,U,11,18
178,227,136,45,1262,117,2012-Q4,2,A02,A00,U,11,18
179,641,492,77,2608,202,2012-Q4,2,A07,A00,U,11,18
180,132,106,13,4228,29,2012-Q4,1,A02,A00,U,21,18
181,1150,1085,25,6971,76,2012-Q4,1,A07,A00,U,21,18
182,6,3,,1372,4,2012-Q4,2,A02,A00,U,21,18
183,123,113,3,4019,11,2012-Q4,2,A07,A00,U,21,18
184,81,67,7,2778,14,2012-Q4,1,A02,A00,U,22,18
185,3537,3482,48,8049,71,2012-Q4,1,A07,A00,U,22,18
186,12,10,,965,3,2012-Q4,2,A02,A00,U,22,18
187,970,947,16,5427,29,2012-Q4,2,A07,A00,U,22,18
188,3314,2340,1253,2210,1549,2012-Q4,1,A02,A00,U,23,18
189,15863,12888,2934,6172,4682,2012-Q4,1,A07,A00,U,23,18
190,340,241,137,1270,164,2012-Q4,2,A02,A00,U,23,18
191,2981,2667,331,3279,493,2012-Q4,2,A07,A00,U,23,18
192,58,45,41,1155,24,2010-Q1,1,A02,A00,U,11,54
193,143,130,19,3097,16,2010-Q1,1,A07,A00,U,11,54
194,16,12,10,558,5,2010-Q1,2,A02,A00,U,11,54
195,51,46,17,1658,9,2010-Q1,2,A07,A00,U,11,54
196,597,490,281,4046,177,2010-Q1,1,A02,A00,U,21,54
197,4837,4549,290,6689,348,2010-Q1,1,A07,A00,U,21,54
198,23,19,6,1588,7,2010-Q1,2,A02,A00,U,21,54
199,240,213,15,3965,33,2010-Q1,2,A07,A00,U,21,54
200,56,49,6,2487,7,2010-Q1,1,A02,A00,U,22,54
201,1526,1449,71,6316,133,2010-Q1,1,A07,A00,U,22,54
202,4,4,,1077,,2010-Q1,2,A02,A00,U,22,54
203,288,274,18,3483,24,2010-Q1,2,A07,A00,U,22,54
204,915,725,358,1844,297,2010-Q1,1,A02,A00,U,23,54
205,4260,3747,612,4166,712,2010-Q1,1,A07,A00,U,23,54
206,65,51,29,904,29,2010-Q1,2,A02,A00,U,23,54
207,578,535,58,2655,61,2010-Q1,2,A07,A00,U,23,54
208,78,58,64,1407,47,2010-Q2,1,A02,A00,U,11,54
209,147,127,39,3325,31,2010-Q2,1,A07,A00,U,11,54
210,19,15,20,1055,13,2010-Q2,2,A02,A00,U,11,54
211,60,45,17,1664,22,2010-Q2,2,A07,A00,U,11,54
212,636,490,452,4505,228,2010-Q2,1,A02,A00,U,21,54
213,5057,4773,258,6527,336,2010-Q2,1,A07,A00,U,21,54
214,19,14,17,1205,9,2010-Q2,2,A02,A00,U,21,54
215,233,219,23,3874,19,2010-Q2,2,A07,A00,U,21,54
216,49,46,35,2213,9,2010-Q2,1,A02,A00,U,22,54
217,1544,1236,26,5552,319,2010-Q2,1,A07,A00,U,22,54
218,4,4,7,1167,,2010-Q2,2,A02,A00,U,22,54
219,294,254,10,3078,43,2010-Q2,2,A07,A00,U,22,54
220,1008,755,1188,2299,581,2010-Q2,1,A02,A00,U,23,54
221,4642,4131,1273,4394,904,2010-Q2,1,A07,A00,U,23,54
222,70,57,168,1075,36,2010-Q2,2,A02,A00,U,23,54
223,623,582,105,2706,79,2010-Q2,2,A07,A00,U,23,54
224,84,53,36,1368,41,2010-Q3,1,A02,A00,U,11,54
225,154,142,38,3300,20,2010-Q3,1,A07,A00,U,11,54
226,27,18,15,972,11,2010-Q3,2,A02,A00,U,11,54
227,54,48,16,1619,11,2010-Q3,2,A07,A00,U,11,54
228,787,592,455,4455,311,2010-Q3,1,A02,A00,U,21,54
229,5156,4892,262,6462,306,2010-Q3,1,A07,A00,U,21,54
230,26,17,14,1194,15,2010-Q3,2,A02,A00,U,21,54
231,244,236,17,4215,12,2010-Q3,2,A07,A00,U,21,54
232,65,46,24,2217,24,2010-Q3,1,A02,A00,U,22,54
233,1318,1197,23,6175,126,2010-Q3,1,A07,A00,U,22,54
234,8,4,3,633,6,2010-Q3,2,A02,A00,U,22,54
235,273,261,6,3461,12,2010-Q3,2,A07,A00,U,22,54
236,1481,812,788,2426,972,2010-Q3,1,A02,A00,U,23,54
237,4958,4325,1030,4673,1003,2010-Q3,1,A07,A00,U,23,54
238,193,63,51,1421,156,2010-Q3,2,A02,A00,U,23,54
239,647,593,89,2845,97,2010-Q3,2,A07,A00,U,23,54
240,77,54,19,1293,35,2010-Q4,1,A02,A00,U,11,54
241,174,136,29,3791,58,2010-Q4,1,A07,A00,U,11,54
242,28,15,9,1270,19,2010-Q4,2,A02,A00,U,11,54
243,58,44,11,1888,21,2010-Q4,2,A07,A00,U,11,54
244,836,684,375,4839,241,2010-Q4,1,A02,A00,U,21,54
245,5181,4902,256,7351,365,2010-Q4,1,A07,A00,U,21,54
246,22,18,10,1095,8,2010-Q4,2,A02,A00,U,21,54
247,262,239,26,5259,36,2010-Q4,2,A07,A00,U,21,54
248,58,50,13,1957,9,2010-Q4,1,A02,A00,U,22,54
249,1274,1231,29,6338,54,2010-Q4,1,A07,A00,U,22,54
250,4,4,,444,,2010-Q4,2,A02,A00,U,22,54
251,276,269,12,3499,11,2010-Q4,2,A07,A00,U,22,54
252,1203,765,524,2339,706,2010-Q4,1,A02,A00,U,23,54
253,5092,3959,927,5142,1663,2010-Q4,1,A07,A00,U,23,54
254,81,55,29,1080,42,2010-Q4,2,A02,A00,U,23,54
255,639,552,100,3180,151,2010-Q4,2,A07,A00,U,23,54
256,57,41,26,1147,20,2011-Q1,1,A02,A00,U,11,54
257,146,132,17,3511,18,2011-Q1,1,A07,A00,U,11,54
258,18,14,11,1028,6,2011-Q1,2,A02,A00,U,11,54
259,48,39,9,1947,11,2011-Q1,2,A07,A00,U,11,54
260,853,676,391,4554,257,2011-Q1,1,A02,A00,U,21,54
261,5218,4909,296,7259,374,2011-Q1,1,A07,A00,U,21,54
262,24,20,11,1109,5,2011-Q1,2,A02,A00,U,21,54
263,257,246,24,4224,19,2011-Q1,2,A07,A00,U,21,54
264,56,54,9,2110,6,2011-Q1,1,A02,A00,U,22,54
265,1301,1224,272,6880,334,2011-Q1,1,A07,A00,U,22,54
266,4,4,2,382,0,2011-Q1,2,A02,A00,U,22,54
267,286,279,27,3523,28,2011-Q1,2,A07,A00,U,22,54
268,899,680,412,1770,329,2011-Q1,1,A02,A00,U,23,54
269,4236,3727,643,3964,711,2011-Q1,1,A07,A00,U,23,54
270,58,44,32,826,30,2011-Q1,2,A02,A00,U,23,54
271,581,548,76,2511,68,2011-Q1,2,A07,A00,U,23,54
272,64,53,54,1436,31,2011-Q2,1,A02,A00,U,11,54
273,159,140,38,3208,37,2011-Q2,1,A07,A00,U,11,54
274,27,23,20,1039,15,2011-Q2,2,A02,A00,U,11,54
275,55,47,8,1844,9,2011-Q2,2,A07,A00,U,11,54
276,916,711,538,4983,294,2011-Q2,1,A02,A00,U,21,54
277,5381,5073,311,7051,360,2011-Q2,1,A07,A00,U,21,54
278,29,19,27,1046,11,2011-Q2,2,A02,A00,U,21,54
279,276,255,25,4000,32,2011-Q2,2,A07,A00,U,21,54
280,52,44,24,2072,8,2011-Q2,1,A02,A00,U,22,54
281,1324,1281,50,6033,60,2011-Q2,1,A07,A00,U,22,54
282,6,6,3,341,,2011-Q2,2,A02,A00,U,22,54
283,302,291,7,3243,14,2011-Q2,2,A07,A00,U,22,54
284,991,711,1287,2307,625,2011-Q2,1,A02,A00,U,23,54
285,4631,4026,1356,4341,1099,2011-Q2,1,A07,A00,U,23,54
286,59,43,163,1131,40,2011-Q2,2,A02,A00,U,23,54
287,639,588,116,2704,94,2011-Q2,2,A07,A00,U,23,54
288,75,45,39,1273,45,2011-Q3,1,A02,A00,U,11,54
289,157,144,52,3321,24,2011-Q3,1,A07,A00,U,11,54
290,31,22,14,1114,11,2011-Q3,2,A02,A00,U,11,54
291,47,44,23,1909,8,2011-Q3,2,A07,A00,U,11,54
292,1031,765,516,5041,398,2011-Q3,1,A02,A00,U,21,54
293,5465,5180,284,7203,338,2011-Q3,1,A07,A00,U,21,54
294,38,19,16,1725,25,2011-Q3,2,A02,A00,U,21,54
295,273,257,26,4575,20,2011-Q3,2,A07,A00,U,21,54
296,63,46,17,2089,20,2011-Q3,1,A02,A00,U,22,54
297,1372,1325,33,6491,56,2011-Q3,1,A07,A00,U,22,54
298,10,8,3,658,4,2011-Q3,2,A02,A00,U,22,54
299,307,296,6,3588,12,2011-Q3,2,A07,A00,U,22,54
300,1600,866,971,2570,1113,2011-Q3,1,A02,A00,U,23,54
301,4969,4289,1226,4716,1145,2011-Q3,1,A07,A00,U,23,54
302,182,62,66,1530,153,2011-Q3,2,A02,A00,U,23,54
303,680,624,97,2980,97,2011-Q3,2,A07,A00,U,23,54
304,63,39,18,1360,34,2011-Q4,1,A02,A00,U,11,54
305,184,140,25,3245,54,2011-Q4,1,A07,A00,U,11,54
306,33,24,,1132,9,2011-Q4,2,A02,A00,U,11,54
307,63,46,3,1709,18,2011-Q4,2,A07,A00,U,11,54
308,1068,872,392,5188,287,2011-Q4,1,A02,A00,U,21,54
309,5587,5284,307,7656,424,2011-Q4,1,A07,A00,U,21,54
310,29,25,10,1628,5,2011-Q4,2,A02,A00,U,21,54
311,282,273,34,5386,22,2011-Q4,2,A07,A00,U,21,54
312,49,43,12,2203,8,2011-Q4,1,A02,A00,U,22,54
313,1398,1364,27,6348,50,2011-Q4,1,A07,A00,U,22,54
314,9,7,,626,,2011-Q4,2,A02,A00,U,22,54
315,311,305,5,3645,9,2011-Q4,2,A07,A00,U,22,54
316,1347,930,710,2341,721,2011-Q4,1,A02,A00,U,23,54
317,5172,4261,1113,4862,1510,2011-Q4,1,A07,A00,U,23,54
318,87,55,42,1464,51,2011-Q4,2,A02,A00,U,23,54
319,689,619,123,3079,125,2011-Q4,2,A07,A00,U,23,54
320,49,39,33,1537,23,2012-Q1,1,A02,A00,U,11,54
321,159,144,23,3036,24,2012-Q1,1,A07,A00,U,11,54
322,23,17,9,1057,7,2012-Q1,2,A02,A00,U,11,54
323,50,45,12,1708,9,2012-Q1,2,A07,A00,U,11,54
324,1084,881,286,5037,263,2012-Q1,1,A02,A00,U,21,54
325,5677,5205,323,7546,549,2012-Q1,1,A07,A00,U,21,54
326,33,24,13,1781,14,2012-Q1,2,A02,A00,U,21,54
327,292,266,22,4758,30,2012-Q1,2,A07,A00,U,21,54
328,45,40,12,2169,8,2012-Q1,1,A02,A00,U,22,54
329,1433,1195,43,6881,272,2012-Q1,1,A07,A00,U,22,54
330,7,7,0,405,,2012-Q1,2,A02,A00,U,22,54
331,312,272,13,3693,49,2012-Q1,2,A07,A00,U,22,54
332,1201,870,575,2250,500,2012-Q1,1,A02,A00,U,23,54
333,4685,4116,973,4347,841,2012-Q1,1,A07,A00,U,23,54
334,71,54,44,1265,33,2012-Q1,2,A02,A00,U,23,54
335,685,623,84,2656,88,2012-Q1,2,A07,A00,U,23,54
336,64,45,71,1509,43,2012-Q2,1,A02,A00,U,11,54
337,167,147,24,2876,29,2012-Q2,1,A07,A00,U,11,54
338,26,21,20,1175,13,2012-Q2,2,A02,A00,U,11,54
339,60,53,7,1825,8,2012-Q2,2,A07,A00,U,11,54
340,994,789,353,5290,262,2012-Q2,1,A02,A00,U,21,54
341,5580,5213,287,7319,402,2012-Q2,1,A07,A00,U,21,54
342,25,16,18,1397,11,2012-Q2,2,A02,A00,U,21,54
343,291,274,24,4445,25,2012-Q2,2,A07,A00,U,21,54
344,48,44,33,1997,8,2012-Q2,1,A02,A00,U,22,54
345,1279,1241,307,5720,57,2012-Q2,1,A07,A00,U,22,54
346,6,6,,535,0,2012-Q2,2,A02,A00,U,22,54
347,296,285,51,3484,21,2012-Q2,2,A07,A00,U,22,54
348,1265,932,1365,2624,710,2012-Q2,1,A02,A00,U,23,54
349,5133,4429,1582,4668,1320,2012-Q2,1,A07,A00,U,23,54
350,80,63,166,1569,53,2012-Q2,2,A02,A00,U,23,54
351,723,659,145,2903,122,2012-Q2,2,A07,A00,U,23,54
352,88,54,50,1445,46,2012-Q3,1,A02,A00,U,11,54
353,170,152,46,2744,29,2012-Q3,1,A07,A00,U,11,54
354,34,23,16,1239,17,2012-Q3,2,A02,A00,U,11,54
355,55,49,20,1812,12,2012-Q3,2,A07,A00,U,11,54
356,960,723,209,4840,298,2012-Q3,1,A02,A00,U,21,54
357,5522,5120,258,6463,476,2012-Q3,1,A07,A00,U,21,54
358,32,18,15,1695,18,2012-Q3,2,A02,A00,U,21,54
359,290,264,20,4605,37,2012-Q3,2,A07,A00,U,21,54
360,62,51,17,2469,17,2012-Q3,1,A02,A00,U,22,54
361,1547,1497,38,6278,62,2012-Q3,1,A07,A00,U,22,54
362,6,6,,401,,2012-Q3,2,A02,A00,U,22,54
363,330,322,6,3687,7,2012-Q3,2,A07,A00,U,22,54
364,1815,1012,969,2734,1204,2012-Q3,1,A02,A00,U,23,54
365,5425,4591,1401,4942,1423,2012-Q3,1,A07,A00,U,23,54
366,198,68,70,1779,164,2012-Q3,2,A02,A00,U,23,54
367,739,655,108,2924,127,2012-Q3,2,A07,A00,U,23,54
368,86,49,21,1434,42,2012-Q4,1,A02,A00,U,11,54
369,182,142,19,3264,46,2012-Q4,1,A07,A00,U,11,54
370,27,18,,1118,10,2012-Q4,2,A02,A00,U,11,54
371,61,43,7,1768,25,2012-Q4,2,A07,A00,U,11,54
372,773,657,187,5048,173,2012-Q4,1,A02,A00,U,21,54
373,5550,5171,305,7204,511,2012-Q4,1,A07,A00,U,21,54
374,27,24,8,1476,7,2012-Q4,2,A02,A00,U,21,54
375,284,265,18,5284,29,2012-Q4,2,A07,A00,U,21,54
376,52,48,6,2207,4,2012-Q4,1,A02,A00,U,22,54
377,1594,1564,39,6654,52,2012-Q4,1,A07,A00,U,22,54
378,6,4,3,830,3,2012-Q4,2,A02,A00,U,22,54
379,334,322,9,3970,12,2012-Q4,2,A07,A00,U,22,54
380,1495,987,603,2439,787,2012-Q4,1,A02,A00,U,23,54
381,5585,4396,1001,5050,1709,2012-Q4,1,A07,A00,U,23,54
382,88,51,30,1513,49,2012-Q4,2,A02,A00,U,23,54
383,744,642,95,3007,154,2012-Q4,2,A07,A00,U,23,54
384,830,688,281,1489,243,2010-Q1,1,A02,A00,U,11,42
385,1786,1647,240,2940,229,2010-Q1,1,A07,A00,U,11,42
386,373,310,139,1157,108,2010-Q1,2,A02,A00,U,11,42
387,934,855,177,1913,138,2010-Q1,2,A07,A00,U,11,42
388,536,453,278,3483,142,2010-Q1,1,A02,A00,U,21,42
389,3749,3526,251,5758,294,2010-Q1,1,A07,A00,U,21,42
390,29,25,16,1475,13,2010-Q1,2,A02,A00,U,21,42
391,299,282,31,3915,23,2010-Q1,2,A07,A00,U,21,42
392,171,157,41,2989,21,2010-Q1,1,A02,A00,U,22,42
393,6039,5733,497,7918,510,2010-Q1,1,A07,A00,U,22,42
394,48,40,24,1385,11,2010-Q1,2,A02,A00,U,22,42
395,1530,1466,100,4960,105,2010-Q1,2,A07,A00,U,22,42
396,5377,4399,1754,1736,1481,2010-Q1,1,A02,A00,U,23,42
397,23423,21117,3292,4634,3538,2010-Q1,1,A07,A00,U,23,42
398,521,417,226,1057,184,2010-Q1,2,A02,A00,U,23,42
399,5175,4831,398,2882,470,2010-Q1,2,A07,A00,U,23,42
400,914,713,633,1745,405,2010-Q2,1,A02,A00,U,11,42
401,1930,1748,430,3140,327,2010-Q2,1,A07,A00,U,11,42
402,420,337,324,1320,171,2010-Q2,2,A02,A00,U,11,42
403,1082,951,352,2012,274,2010-Q2,2,A07,A00,U,11,42
404,606,470,518,4035,233,2010-Q2,1,A02,A00,U,21,42
405,4036,3680,340,6005,424,2010-Q2,1,A07,A00,U,21,42
406,27,23,41,1959,9,2010-Q2,2,A02,A00,U,21,42
407,333,322,48,4102,23,2010-Q2,2,A07,A00,U,21,42
408,173,135,332,2812,74,2010-Q2,1,A02,A00,U,22,42
409,6229,5649,181,6963,623,2010-Q2,1,A07,A00,U,22,42
410,54,43,102,1149,19,2010-Q2,2,A02,A00,U,22,42
411,1577,1413,45,4313,170,2010-Q2,2,A07,A00,U,22,42
412,5635,4569,5182,2258,2336,2010-Q2,1,A02,A00,U,23,42
413,25809,23102,6917,4979,5101,2010-Q2,1,A07,A00,U,23,42
414,557,446,570,1320,233,2010-Q2,2,A02,A00,U,23,42
415,5507,5170,604,3005,524,2010-Q2,2,A07,A00,U,23,42
416,1081,757,464,1755,504,2010-Q3,1,A02,A00,U,11,42
417,2008,1834,498,3154,275,2010-Q3,1,A07,A00,U,11,42
418,548,358,248,1332,284,2010-Q3,2,A02,A00,U,11,42
419,1106,983,268,1953,191,2010-Q3,2,A07,A00,U,11,42
420,785,514,449,3951,384,2010-Q3,1,A02,A00,U,21,42
421,4011,3631,382,6137,460,2010-Q3,1,A07,A00,U,21,42
422,62,29,25,2322,43,2010-Q3,2,A02,A00,U,21,42
423,360,338,41,3975,38,2010-Q3,2,A07,A00,U,21,42
424,410,151,88,2513,302,2010-Q3,1,A02,A00,U,22,42
425,5979,5454,149,6726,559,2010-Q3,1,A07,A00,U,22,42
426,136,46,35,1598,113,2010-Q3,2,A02,A00,U,22,42
427,1494,1392,60,4437,110,2010-Q3,2,A07,A00,U,22,42
428,7718,5079,3682,2384,4249,2010-Q3,1,A02,A00,U,23,42
429,27738,24573,5400,5123,5413,2010-Q3,1,A07,A00,U,23,42
430,835,484,341,1409,534,2010-Q3,2,A02,A00,U,23,42
431,5583,5150,611,3100,618,2010-Q3,2,A07,A00,U,23,42
432,1035,717,327,1770,487,2010-Q4,1,A02,A00,U,11,42
433,2254,1749,323,3519,677,2010-Q4,1,A07,A00,U,11,42
434,500,315,152,1348,273,2010-Q4,2,A02,A00,U,11,42
435,1190,918,214,2148,381,2010-Q4,2,A07,A00,U,11,42
436,781,607,475,4321,317,2010-Q4,1,A02,A00,U,21,42
437,4108,3745,505,6832,627,2010-Q4,1,A07,A00,U,21,42
438,39,26,17,2059,18,2010-Q4,2,A02,A00,U,21,42
439,382,344,35,4426,49,2010-Q4,2,A07,A00,U,21,42
440,187,144,68,3114,54,2010-Q4,1,A02,A00,U,22,42
441,5823,5565,509,7454,337,2010-Q4,1,A07,A00,U,22,42
442,54,45,15,1400,10,2010-Q4,2,A02,A00,U,22,42
443,1503,1427,156,4680,90,2010-Q4,2,A07,A00,U,22,42
444,6607,4680,2331,2277,2953,2010-Q4,1,A02,A00,U,23,42
445,28544,23408,4502,5618,7573,2010-Q4,1,A07,A00,U,23,42
446,598,432,219,1251,284,2010-Q4,2,A02,A00,U,23,42
447,5699,5120,519,3507,816,2010-Q4,2,A07,A00,U,23,42
448,861,710,242,1549,224,2011-Q1,1,A02,A00,U,11,42
449,1900,1761,191,3020,192,2011-Q1,1,A07,A00,U,11,42
450,358,299,125,1233,84,2011-Q1,2,A02,A00,U,11,42
451,1018,939,126,1879,105,2011-Q1,2,A07,A00,U,11,42
452,862,671,485,3855,328,2011-Q1,1,A02,A00,U,21,42
453,4016,3703,455,6333,383,2011-Q1,1,A07,A00,U,21,42
454,33,26,26,1892,18,2011-Q1,2,A02,A00,U,21,42
455,372,346,35,4646,37,2011-Q1,2,A07,A00,U,21,42
456,186,159,64,2811,39,2011-Q1,1,A02,A00,U,22,42
457,6386,6102,678,8597,446,2011-Q1,1,A07,A00,U,22,42
458,55,46,21,1461,15,2011-Q1,2,A02,A00,U,22,42
459,1640,1571,126,5231,89,2011-Q1,2,A07,A00,U,22,42
460,5464,4412,1986,1797,1713,2011-Q1,1,A02,A00,U,23,42
461,25365,22900,4039,4757,3892,2011-Q1,1,A07,A00,U,23,42
462,470,369,270,1035,213,2011-Q1,2,A02,A00,U,23,42
463,5432,5086,488,2999,491,2011-Q1,2,A07,A00,U,23,42
464,896,704,623,1827,400,2011-Q2,1,A02,A00,U,11,42
465,2057,1878,467,3183,280,2011-Q2,1,A07,A00,U,11,42
466,433,357,378,1423,178,2011-Q2,2,A02,A00,U,11,42
467,1147,1012,333,2050,246,2011-Q2,2,A07,A00,U,11,42
468,963,767,695,4377,337,2011-Q2,1,A02,A00,U,21,42
469,4410,4096,683,6275,434,2011-Q2,1,A07,A00,U,21,42
470,39,29,56,1776,24,2011-Q2,2,A02,A00,U,21,42
471,391,371,44,4126,31,2011-Q2,2,A07,A00,U,21,42
472,179,148,342,2985,54,2011-Q2,1,A02,A00,U,22,42
473,6729,6439,139,7378,336,2011-Q2,1,A07,A00,U,22,42
474,54,41,127,1433,23,2011-Q2,2,A02,A00,U,22,42
475,1724,1650,36,4650,87,2011-Q2,2,A07,A00,U,22,42
476,5561,4451,5479,2249,2438,2011-Q2,1,A02,A00,U,23,42
477,27789,24679,8153,5058,5865,2011-Q2,1,A07,A00,U,23,42
478,523,417,656,1250,242,2011-Q2,2,A02,A00,U,23,42
479,5763,5353,779,3096,622,2011-Q2,2,A07,A00,U,23,42
480,1038,709,477,1829,546,2011-Q3,1,A02,A00,U,11,42
481,2165,1963,504,3228,339,2011-Q3,1,A07,A00,U,11,42
482,603,377,219,1339,337,2011-Q3,2,A02,A00,U,11,42
483,1182,1034,288,2024,254,2011-Q3,2,A07,A00,U,11,42
484,1153,798,706,4417,575,2011-Q3,1,A02,A00,U,21,42
485,4747,4379,451,6741,440,2011-Q3,1,A07,A00,U,21,42
486,65,33,36,2243,45,2011-Q3,2,A02,A00,U,21,42
487,415,384,66,4547,42,2011-Q3,2,A07,A00,U,21,42
488,435,167,108,3059,326,2011-Q3,1,A02,A00,U,22,42
489,6660,6455,301,7413,233,2011-Q3,1,A07,A00,U,22,42
490,146,53,33,1795,114,2011-Q3,2,A02,A00,U,22,42
491,1712,1659,92,4796,70,2011-Q3,2,A07,A00,U,22,42
492,7971,5085,4080,2510,4586,2011-Q3,1,A02,A00,U,23,42
493,30470,26954,6681,5365,6258,2011-Q3,1,A07,A00,U,23,42
494,853,466,368,1419,583,2011-Q3,2,A02,A00,U,23,42
495,5959,5505,691,3322,666,2011-Q3,2,A07,A00,U,23,42
496,933,648,317,1748,481,2011-Q4,1,A02,A00,U,11,42
497,2345,1845,378,3459,705,2011-Q4,1,A07,A00,U,11,42
498,468,297,162,1279,250,2011-Q4,2,A02,A00,U,11,42
499,1237,976,235,2210,381,2011-Q4,2,A07,A00,U,11,42
500,1107,839,564,4533,428,2011-Q4,1,A02,A00,U,21,42
501,4764,3833,476,6778,1041,2011-Q4,1,A07,A00,U,21,42
502,49,36,28,2492,19,2011-Q4,2,A02,A00,U,21,42
503,437,391,50,4412,63,2011-Q4,2,A07,A00,U,21,42
504,177,140,55,3261,49,2011-Q4,1,A02,A00,U,22,42
505,6864,6407,209,7634,531,2011-Q4,1,A07,A00,U,22,42
506,56,41,25,1344,21,2011-Q4,2,A02,A00,U,22,42
507,1757,1507,69,4919,275,2011-Q4,2,A07,A00,U,22,42
508,6751,4753,2492,2293,3064,2011-Q4,1,A02,A00,U,23,42
509,31098,25472,5279,5571,8280,2011-Q4,1,A07,A00,U,23,42
510,580,399,222,1216,286,2011-Q4,2,A02,A00,U,23,42
511,5946,5217,651,3472,1011,2011-Q4,2,A07,A00,U,23,42
512,723,600,301,1713,217,2012-Q1,1,A02,A00,U,11,42
513,1948,1803,251,3241,209,2012-Q1,1,A07,A00,U,11,42
514,341,285,123,1242,95,2012-Q1,2,A02,A00,U,11,42
515,1041,952,192,2115,128,2012-Q1,2,A07,A00,U,11,42
516,1185,918,485,4326,408,2012-Q1,1,A02,A00,U,21,42
517,4299,3950,417,7020,430,2012-Q1,1,A07,A00,U,21,42
518,58,40,28,2761,29,2012-Q1,2,A02,A00,U,21,42
519,434,407,52,5085,40,2012-Q1,2,A07,A00,U,21,42
520,160,131,88,3077,47,2012-Q1,1,A02,A00,U,22,42
521,6755,6369,260,9196,526,2012-Q1,1,A07,A00,U,22,42
522,59,41,32,1574,27,2012-Q1,2,A02,A00,U,22,42
523,1619,1521,62,5964,131,2012-Q1,2,A07,A00,U,22,42
524,5595,4421,2346,2039,1914,2012-Q1,1,A02,A00,U,23,42
525,27303,24558,4278,4998,4348,2012-Q1,1,A07,A00,U,23,42
526,471,360,250,1162,219,2012-Q1,2,A02,A00,U,23,42
527,5533,5170,553,3208,530,2012-Q1,2,A07,A00,U,23,42
528,810,627,584,1807,398,2012-Q2,1,A02,A00,U,11,42
529,2138,1919,438,3294,334,2012-Q2,1,A07,A00,U,11,42
530,416,314,398,1339,210,2012-Q2,2,A02,A00,U,11,42
531,1204,1052,288,2125,249,2012-Q2,2,A07,A00,U,11,42
532,1147,894,546,4210,367,2012-Q2,1,A02,A00,U,21,42
533,4565,4157,530,6474,509,2012-Q2,1,A07,A00,U,21,42
534,56,44,39,2384,15,2012-Q2,2,A02,A00,U,21,42
535,465,433,59,4265,45,2012-Q2,2,A07,A00,U,21,42
536,170,138,351,2889,45,2012-Q2,1,A02,A00,U,22,42
537,6903,6540,328,7534,450,2012-Q2,1,A07,A00,U,22,42
538,53,41,122,1628,21,2012-Q2,2,A02,A00,U,22,42
539,1626,1548,72,5034,90,2012-Q2,2,A07,A00,U,22,42
540,5889,4644,5078,2308,2572,2012-Q2,1,A02,A00,U,23,42
541,29674,26373,7565,5191,6048,2012-Q2,1,A07,A00,U,23,42
542,499,398,609,1310,245,2012-Q2,2,A02,A00,U,23,42
543,5879,5438,802,3226,722,2012-Q2,2,A07,A00,U,23,42
544,943,620,381,1765,499,2012-Q3,1,A02,A00,U,11,42
545,2200,1953,468,3180,386,2012-Q3,1,A07,A00,U,11,42
546,572,331,238,1296,338,2012-Q3,2,A02,A00,U,11,42
547,1192,1040,281,2101,232,2012-Q3,2,A07,A00,U,11,42
548,1163,804,417,4181,486,2012-Q3,1,A02,A00,U,21,42
549,4626,4175,958,6248,648,2012-Q3,1,A07,A00,U,21,42
550,78,41,18,2398,40,2012-Q3,2,A02,A00,U,21,42
551,485,439,38,4316,57,2012-Q3,2,A07,A00,U,21,42
552,455,172,141,2932,360,2012-Q3,1,A02,A00,U,22,42
553,6771,6473,523,7273,353,2012-Q3,1,A07,A00,U,22,42
554,150,49,73,1870,145,2012-Q3,2,A02,A00,U,22,42
555,1618,1538,344,4858,112,2012-Q3,2,A07,A00,U,22,42
556,7789,5023,3366,2393,4235,2012-Q3,1,A02,A00,U,23,42
557,31360,27180,6713,5206,7075,2012-Q3,1,A07,A00,U,23,42
558,808,447,364,1412,549,2012-Q3,2,A02,A00,U,23,42
559,5947,5464,861,3230,707,2012-Q3,2,A07,A00,U,23,42
560,815,577,292,1736,400,2012-Q4,1,A02,A00,U,11,42
561,2339,1882,349,3750,642,2012-Q4,1,A07,A00,U,11,42
562,457,301,124,1301,224,2012-Q4,2,A02,A00,U,11,42
563,1256,988,176,2447,358,2012-Q4,2,A07,A00,U,11,42
564,993,789,256,4313,285,2012-Q4,1,A02,A00,U,21,42
565,5113,4626,348,6863,690,2012-Q4,1,A07,A00,U,21,42
566,56,37,19,2267,26,2012-Q4,2,A02,A00,U,21,42
567,486,443,36,4919,65,2012-Q4,2,A07,A00,U,21,42
568,218,170,81,3363,71,2012-Q4,1,A02,A00,U,22,42
569,7246,6906,321,8087,431,2012-Q4,1,A07,A00,U,22,42
570,75,49,47,1535,46,2012-Q4,2,A02,A00,U,22,42
571,1860,1768,63,5113,107,2012-Q4,2,A07,A00,U,22,42
572,6617,4794,2358,2337,2861,2012-Q4,1,A02,A00,U,23,42
573,32270,26554,5382,5694,8658,2012-Q4,1,A07,A00,U,23,42
574,577,392,248,1289,299,2012-Q4,2,A02,A00,U,23,42
575,6227,5635,622,3600,869,2012-Q4,2,A07,A00,U,23,42
576,215,168,77,1513,61,2010-Q1,1,A02,A00,U,11,21
577,728,664,96,3056,79,2010-Q1,1,A07,A00,U,11,21
578,69,59,41,1575,19,2010-Q1,2,A02,A00,U,11,21
579,346,315,63,2064,40,2010-Q1,2,A07,A00,U,11,21
580,487,428,171,3816,96,2010-Q1,1,A02,A00,U,21,21
581,3042,2893,173,6058,178,2010-Q1,1,A07,A00,U,21,21
582,17,15,4,2240,3,2010-Q1,2,A02,A00,U,21,21
583,175,162,18,3364,16,2010-Q1,2,A07,A00,U,21,21
584,108,92,17,2005,18,2010-Q1,1,A02,A00,U,22,21
585,1576,1523,131,5790,79,2010-Q1,1,A07,A00,U,22,21
586,23,19,6,1243,6,2010-Q1,2,A02,A00,U,22,21
587,485,462,49,3567,32,2010-Q1,2,A07,A00,U,22,21
588,1572,1210,542,1726,519,2010-Q1,1,A02,A00,U,23,21
589,6805,5984,941,4013,1112,2010-Q1,1,A07,A00,U,23,21
590,173,130,73,1201,68,2010-Q1,2,A02,A00,U,23,21
591,1348,1222,159,2576,177,2010-Q1,2,A07,A00,U,23,21
592,230,183,166,1799,109,2010-Q2,1,A02,A00,U,11,21
593,770,669,159,3059,146,2010-Q2,1,A07,A00,U,11,21
594,90,67,75,1758,53,2010-Q2,2,A02,A00,U,11,21
595,382,338,104,2198,78,2010-Q2,2,A07,A00,U,11,21
596,512,419,309,4286,167,2010-Q2,1,A02,A00,U,21,21
597,3180,3022,330,6705,210,2010-Q2,1,A07,A00,U,21,21
598,14,13,11,2546,,2010-Q2,2,A02,A00,U,21,21
599,188,175,14,3449,19,2010-Q2,2,A07,A00,U,21,21
600,98,92,72,2162,10,2010-Q2,1,A02,A00,U,22,21
601,1705,1665,37,5757,49,2010-Q2,1,A07,A00,U,22,21
602,20,18,22,1335,5,2010-Q2,2,A02,A00,U,22,21
603,516,500,16,3627,20,2010-Q2,2,A07,A00,U,22,21
604,1598,1207,1360,2064,820,2010-Q2,1,A02,A00,U,23,21
605,7289,6447,1741,4329,1394,2010-Q2,1,A07,A00,U,23,21
606,185,148,102,1408,58,2010-Q2,2,A02,A00,U,23,21
607,1420,1302,212,2701,181,2010-Q2,2,A07,A00,U,23,21
608,269,182,95,1921,126,2010-Q3,1,A02,A00,U,11,21
609,765,704,99,3459,87,2010-Q3,1,A07,A00,U,11,21
610,109,77,50,1637,56,2010-Q3,2,A02,A00,U,11,21
611,392,349,53,2316,59,2010-Q3,2,A07,A00,U,11,21
612,563,408,265,4192,219,2010-Q3,1,A02,A00,U,21,21
613,3354,3191,204,5987,198,2010-Q3,1,A07,A00,U,21,21
614,26,17,5,2393,11,2010-Q3,2,A02,A00,U,21,21
615,191,179,9,3454,14,2010-Q3,2,A07,A00,U,21,21
616,153,101,28,2031,55,2010-Q3,1,A02,A00,U,22,21
617,1739,1658,44,6026,89,2010-Q3,1,A07,A00,U,22,21
618,34,18,7,1288,19,2010-Q3,2,A02,A00,U,22,21
619,524,506,14,3838,21,2010-Q3,2,A07,A00,U,22,21
620,1932,1267,1167,2196,1169,2010-Q3,1,A02,A00,U,23,21
621,7683,6763,1408,4482,1452,2010-Q3,1,A07,A00,U,23,21
622,220,143,105,1401,126,2010-Q3,2,A02,A00,U,23,21
623,1467,1349,184,2726,178,2010-Q3,2,A07,A00,U,23,21
624,235,171,54,1762,91,2010-Q4,1,A02,A00,U,11,21
625,788,676,98,3659,146,2010-Q4,1,A07,A00,U,11,21
626,97,66,31,1660,46,2010-Q4,2,A02,A00,U,11,21
627,387,328,55,2549,86,2010-Q4,2,A07,A00,U,11,21
628,551,428,275,4696,185,2010-Q4,1,A02,A00,U,21,21
629,3504,3311,187,6882,257,2010-Q4,1,A07,A00,U,21,21
630,19,17,6,1715,4,2010-Q4,2,A02,A00,U,21,21
631,193,176,14,4043,21,2010-Q4,2,A07,A00,U,21,21
632,120,109,22,2047,11,2010-Q4,1,A02,A00,U,22,21
633,1767,1718,47,6439,62,2010-Q4,1,A07,A00,U,22,21
634,21,18,5,1032,,2010-Q4,2,A02,A00,U,22,21
635,537,519,5,4112,19,2010-Q4,2,A07,A00,U,22,21
636,1773,1260,770,2099,859,2010-Q4,1,A02,A00,U,23,21
637,7840,6426,1262,5120,2070,2010-Q4,1,A07,A00,U,23,21
638,181,130,70,1402,92,2010-Q4,2,A02,A00,U,23,21
639,1485,1294,178,3194,273,2010-Q4,2,A07,A00,U,23,21
640,181,148,71,1527,46,2011-Q1,1,A02,A00,U,11,21
641,740,679,89,3218,77,2011-Q1,1,A07,A00,U,11,21
642,71,59,46,1516,24,2011-Q1,2,A02,A00,U,11,21
643,360,315,50,2120,59,2011-Q1,2,A07,A00,U,11,21
644,564,425,249,4380,194,2011-Q1,1,A02,A00,U,21,21
645,3424,3070,153,6433,401,2011-Q1,1,A07,A00,U,21,21
646,16,13,6,1609,6,2011-Q1,2,A02,A00,U,21,21
647,186,165,16,3537,26,2011-Q1,2,A07,A00,U,21,21
648,119,102,14,1727,16,2011-Q1,1,A02,A00,U,22,21
649,1830,1758,70,6314,123,2011-Q1,1,A07,A00,U,22,21
650,23,19,4,1051,4,2011-Q1,2,A02,A00,U,22,21
651,536,505,10,4014,37,2011-Q1,2,A07,A00,U,22,21
652,1487,1129,678,1760,591,2011-Q1,1,A02,A00,U,23,21
653,6842,6055,1128,4044,1185,2011-Q1,1,A07,A00,U,23,21
654,147,118,60,1152,49,2011-Q1,2,A02,A00,U,23,21
655,1361,1219,154,2627,197,2011-Q1,2,A07,A00,U,23,21
656,219,174,160,1835,116,2011-Q2,1,A02,A00,U,11,21
657,798,745,149,3086,103,2011-Q2,1,A07,A00,U,11,21
658,87,63,98,1712,64,2011-Q2,2,A02,A00,U,11,21
659,372,334,83,2240,68,2011-Q2,2,A07,A00,U,11,21
660,604,483,320,4764,184,2011-Q2,1,A02,A00,U,21,21
661,3395,3208,192,6877,217,2011-Q2,1,A07,A00,U,21,21
662,15,11,14,1639,6,2011-Q2,2,A02,A00,U,21,21
663,190,179,15,3696,15,2011-Q2,2,A07,A00,U,21,21
664,103,91,63,2023,17,2011-Q2,1,A02,A00,U,22,21
665,1877,1817,24,5838,66,2011-Q2,1,A07,A00,U,22,21
666,20,18,18,1184,,2011-Q2,2,A02,A00,U,22,21
667,538,516,15,3925,25,2011-Q2,2,A07,A00,U,22,21
668,1602,1215,1421,2136,815,2011-Q2,1,A02,A00,U,23,21
669,7619,6738,1977,4361,1590,2011-Q2,1,A07,A00,U,23,21
670,158,118,156,1280,80,2011-Q2,2,A02,A00,U,23,21
671,1445,1347,205,2759,152,2011-Q2,2,A07,A00,U,23,21
672,245,172,106,1857,121,2011-Q3,1,A02,A00,U,11,21
673,811,744,136,3597,94,2011-Q3,1,A07,A00,U,11,21
674,107,62,52,1600,67,2011-Q3,2,A02,A00,U,11,21
675,375,340,78,2352,56,2011-Q3,2,A07,A00,U,11,21
676,671,503,331,4861,241,2011-Q3,1,A02,A00,U,21,21
677,3430,3218,395,6482,250,2011-Q3,1,A07,A00,U,21,21
678,24,14,11,2284,16,2011-Q3,2,A02,A00,U,21,21
679,190,181,22,4027,13,2011-Q3,2,A07,A00,U,21,21
680,142,93,21,1852,59,2011-Q3,1,A02,A00,U,22,21
681,1894,1836,35,6272,68,2011-Q3,1,A07,A00,U,22,21
682,35,16,4,1419,22,2011-Q3,2,A02,A00,U,22,21
683,539,524,13,4061,19,2011-Q3,2,A07,A00,U,22,21
684,2017,1309,1300,2303,1226,2011-Q3,1,A02,A00,U,23,21
685,8030,7067,1948,4698,1708,2011-Q3,1,A07,A00,U,23,21
686,215,128,109,1437,134,2011-Q3,2,A02,A00,U,23,21
687,1505,1371,257,2937,204,2011-Q3,2,A07,A00,U,23,21
688,216,161,79,1707,90,2011-Q4,1,A02,A00,U,11,21
689,858,755,103,3792,154,2011-Q4,1,A07,A00,U,11,21
690,83,57,28,1511,37,2011-Q4,2,A02,A00,U,11,21
691,404,338,50,2486,91,2011-Q4,2,A07,A00,U,11,21
692,690,542,257,4910,198,2011-Q4,1,A02,A00,U,21,21
693,3636,3444,221,6717,262,2011-Q4,1,A07,A00,U,21,21
694,16,12,5,2779,5,2011-Q4,2,A02,A00,U,21,21
695,201,180,14,4608,27,2011-Q4,2,A07,A00,U,21,21
696,93,83,17,1712,14,2011-Q4,1,A02,A00,U,22,21
697,1913,1878,42,6176,52,2011-Q4,1,A07,A00,U,22,21
698,14,12,4,1192,3,2011-Q4,2,A02,A00,U,22,21
699,541,528,12,4079,15,2011-Q4,2,A07,A00,U,22,21
700,1870,1319,769,2142,902,2011-Q4,1,A02,A00,U,23,21
701,8221,7003,1281,4891,1890,2011-Q4,1,A07,A00,U,23,21
702,170,120,64,1273,78,2011-Q4,2,A02,A00,U,23,21
703,1527,1371,150,3153,232,2011-Q4,2,A07,A00,U,23,21
704,195,152,89,1564,74,2012-Q1,1,A02,A00,U,11,21
705,813,747,96,3477,87,2012-Q1,1,A07,A00,U,11,21
706,63,54,37,1452,14,2012-Q1,2,A02,A00,U,11,21
707,368,330,71,2285,54,2012-Q1,2,A07,A00,U,11,21
708,688,550,218,4600,189,2012-Q1,1,A02,A00,U,21,21
709,3661,3337,182,6532,363,2012-Q1,1,A07,A00,U,21,21
710,12,10,,2409,4,2012-Q1,2,A02,A00,U,21,21
711,188,174,14,4303,15,2012-Q1,2,A07,A00,U,21,21
712,90,77,33,1667,15,2012-Q1,1,A02,A00,U,22,21
713,1963,1881,67,6728,121,2012-Q1,1,A07,A00,U,22,21
714,14,12,4,1143,,2012-Q1,2,A02,A00,U,22,21
715,556,533,13,4287,29,2012-Q1,2,A07,A00,U,22,21
716,1570,1174,738,1968,665,2012-Q1,1,A02,A00,U,23,21
717,7547,6722,1152,4260,1264,2012-Q1,1,A07,A00,U,23,21
718,142,106,61,1229,57,2012-Q1,2,A02,A00,U,23,21
719,1435,1320,155,2752,166,2012-Q1,2,A07,A00,U,23,21
720,216,162,148,1917,109,2012-Q2,1,A02,A00,U,11,21
721,851,769,127,3993,129,2012-Q2,1,A07,A00,U,11,21
722,84,62,62,1451,44,2012-Q2,2,A02,A00,U,11,21
723,403,356,81,2329,77,2012-Q2,2,A07,A00,U,11,21
724,662,512,172,4862,187,2012-Q2,1,A02,A00,U,21,21
725,3633,3247,125,6242,408,2012-Q2,1,A07,A00,U,21,21
726,10,6,9,3591,4,2012-Q2,2,A02,A00,U,21,21
727,189,175,12,4187,18,2012-Q2,2,A07,A00,U,21,21
728,100,87,75,1973,18,2012-Q2,1,A02,A00,U,22,21
729,2007,1929,28,6102,84,2012-Q2,1,A07,A00,U,22,21
730,14,12,22,1469,,2012-Q2,2,A02,A00,U,22,21
731,559,538,13,4059,25,2012-Q2,2,A07,A00,U,22,21
732,1621,1196,1272,2224,806,2012-Q2,1,A02,A00,U,23,21
733,8142,7250,1810,4464,1468,2012-Q2,1,A07,A00,U,23,21
734,151,117,115,1260,81,2012-Q2,2,A02,A00,U,23,21
735,1521,1388,202,2915,197,2012-Q2,2,A07,A00,U,23,21
736,235,156,84,1860,111,2012-Q3,1,A02,A00,U,11,21
737,837,772,90,3734,93,2012-Q3,1,A07,A00,U,11,21
738,100,61,26,1490,53,2012-Q3,2,A02,A00,U,11,21
739,398,364,54,2310,55,2012-Q3,2,A07,A00,U,11,21
740,593,455,93,4774,162,2012-Q3,1,A02,A00,U,21,21
741,3483,3232,112,5945,262,2012-Q3,1,A07,A00,U,21,21
742,15,6,3,2523,10,2012-Q3,2,A02,A00,U,21,21
743,184,168,6,3990,16,2012-Q3,2,A07,A00,U,21,21
744,151,102,41,2056,56,2012-Q3,1,A02,A00,U,22,21
745,2029,1956,27,6076,77,2012-Q3,1,A07,A00,U,22,21
746,37,20,4,1561,19,2012-Q3,2,A02,A00,U,22,21
747,558,541,9,4048,18,2012-Q3,2,A07,A00,U,22,21
748,1926,1287,986,2394,1054,2012-Q3,1,A02,A00,U,23,21
749,8606,7578,1540,4760,1714,2012-Q3,1,A07,A00,U,23,21
750,179,124,84,1286,96,2012-Q3,2,A02,A00,U,23,21
751,1540,1401,216,2975,232,2012-Q3,2,A07,A00,U,23,21
752,200,159,61,1944,61,2012-Q4,1,A02,A00,U,11,21
753,849,754,92,4356,135,2012-Q4,1,A07,A00,U,11,21
754,72,55,21,1580,28,2012-Q4,2,A02,A00,U,11,21
755,397,348,43,2605,71,2012-Q4,2,A07,A00,U,11,21
756,460,365,81,4852,113,2012-Q4,1,A02,A00,U,21,21
757,3396,3133,138,6893,318,2012-Q4,1,A07,A00,U,21,21
758,7,6,,1627,3,2012-Q4,2,A02,A00,U,21,21
759,184,169,17,4640,23,2012-Q4,2,A07,A00,U,21,21
760,120,99,18,2008,25,2012-Q4,1,A02,A00,U,22,21
761,2046,1985,62,6422,93,2012-Q4,1,A07,A00,U,22,21
762,18,16,5,1256,,2012-Q4,2,A02,A00,U,22,21
763,571,553,13,4535,21,2012-Q4,2,A07,A00,U,22,21
764,1703,1212,739,2311,811,2012-Q4,1,A02,A00,U,23,21
765,8547,7229,1408,5314,2089,2012-Q4,1,A07,A00,U,23,21
766,145,106,56,1400,60,2012-Q4,2,A02,A00,U,23,21
767,1540,1393,187,3472,237,2012-Q4,2,A07,A00,U,23,21
768,464,409,210,1339,100,2010-Q1,1,A02,A00,U,11,39
769,921,875,123,3346,72,2010-Q1,1,A07,A00,U,11,39
770,157,130,78,888,48,2010-Q1,2,A02,A00,U,11,39
771,493,474,106,1707,34,2010-Q1,2,A07,A00,U,11,39
772,182,152,57,2638,42,2010-Q1,1,A02,A00,U,21,39
773,1881,1776,75,6298,125,2010-Q1,1,A07,A00,U,21,39
774,19,15,17,1240,9,2010-Q1,2,A02,A00,U,21,39
775,314,299,8,3451,16,2010-Q1,2,A07,A00,U,21,39
776,172,153,50,2712,26,2010-Q1,1,A02,A00,U,22,39
777,5367,5117,431,7097,643,2010-Q1,1,A07,A00,U,22,39
778,58,51,22,1160,13,2010-Q1,2,A02,A00,U,22,39
779,1434,1379,83,4517,124,2010-Q1,2,A07,A00,U,22,39
780,3559,2870,1012,1519,989,2010-Q1,1,A02,A00,U,23,39
781,15740,14162,1889,4699,2277,2010-Q1,1,A07,A00,U,23,39
782,488,379,215,1032,206,2010-Q1,2,A02,A00,U,23,39
783,4418,4095,385,2628,455,2010-Q1,2,A07,A00,U,23,39
784,645,480,616,1578,400,2010-Q2,1,A02,A00,U,11,39
785,1166,1061,471,3033,250,2010-Q2,1,A07,A00,U,11,39
786,224,171,262,1168,152,2010-Q2,2,A02,A00,U,11,39
787,697,596,306,1979,219,2010-Q2,2,A07,A00,U,11,39
788,188,149,154,2970,63,2010-Q2,1,A02,A00,U,21,39
789,2011,1899,178,7392,150,2010-Q2,1,A07,A00,U,21,39
790,26,19,29,1307,9,2010-Q2,2,A02,A00,U,21,39
791,329,314,17,4326,22,2010-Q2,2,A07,A00,U,21,39
792,173,157,216,2456,24,2010-Q2,1,A02,A00,U,22,39
793,5332,5158,138,6482,193,2010-Q2,1,A07,A00,U,22,39
794,66,59,138,1104,11,2010-Q2,2,A02,A00,U,22,39
795,1456,1413,56,4401,48,2010-Q2,2,A07,A00,U,22,39
796,3520,2863,3647,1896,1483,2010-Q2,1,A02,A00,U,23,39
797,16917,15439,5232,4876,2763,2010-Q2,1,A07,A00,U,23,39
798,487,394,472,1142,198,2010-Q2,2,A02,A00,U,23,39
799,4657,4364,691,2769,464,2010-Q2,2,A07,A00,U,23,39
800,797,538,395,1568,449,2010-Q3,1,A02,A00,U,11,39
801,1288,1144,320,3029,255,2010-Q3,1,A07,A00,U,11,39
802,304,188,174,1151,202,2010-Q3,2,A02,A00,U,11,39
803,705,616,221,1871,185,2010-Q3,2,A07,A00,U,11,39
804,261,191,100,3210,102,2010-Q3,1,A02,A00,U,21,39
805,2102,2007,102,6856,112,2010-Q3,1,A07,A00,U,21,39
806,41,14,18,1657,29,2010-Q3,2,A02,A00,U,21,39
807,335,324,23,3862,14,2010-Q3,2,A07,A00,U,21,39
808,354,171,117,2648,236,2010-Q3,1,A02,A00,U,22,39
809,5379,4640,91,6353,778,2010-Q3,1,A07,A00,U,22,39
810,198,57,54,1333,182,2010-Q3,2,A02,A00,U,22,39
811,1499,1359,32,4393,151,2010-Q3,2,A07,A00,U,22,39
812,5367,3529,2800,2097,3073,2010-Q3,1,A02,A00,U,23,39
813,19758,17851,3642,5001,3359,2010-Q3,1,A07,A00,U,23,39
814,727,429,342,1333,474,2010-Q3,2,A02,A00,U,23,39
815,4948,4600,532,2793,537,2010-Q3,2,A07,A00,U,23,39
816,716,447,206,1572,374,2010-Q4,1,A02,A00,U,11,39
817,1330,978,205,4180,505,2010-Q4,1,A07,A00,U,11,39
818,263,146,82,1093,174,2010-Q4,2,A02,A00,U,11,39
819,740,514,135,2453,332,2010-Q4,2,A07,A00,U,11,39
820,224,172,72,3189,63,2010-Q4,1,A02,A00,U,21,39
821,2126,1985,71,6966,174,2010-Q4,1,A07,A00,U,21,39
822,23,19,,2290,5,2010-Q4,2,A02,A00,U,21,39
823,344,328,12,4072,22,2010-Q4,2,A07,A00,U,21,39
824,212,169,32,2955,47,2010-Q4,1,A02,A00,U,22,39
825,4915,4723,79,6902,231,2010-Q4,1,A07,A00,U,22,39
826,60,52,9,961,10,2010-Q4,2,A02,A00,U,22,39
827,1429,1389,20,4786,47,2010-Q4,2,A07,A00,U,22,39
828,4656,3182,1617,2050,2224,2010-Q4,1,A02,A00,U,23,39
829,20323,16168,3082,5787,5962,2010-Q4,1,A07,A00,U,23,39
830,553,405,248,1319,283,2010-Q4,2,A02,A00,U,23,39
831,4953,4379,552,3331,897,2010-Q4,2,A07,A00,U,23,39
832,527,425,211,1343,150,2011-Q1,1,A02,A00,U,11,39
833,952,901,140,3644,76,2011-Q1,1,A07,A00,U,11,39
834,164,140,89,875,42,2011-Q1,2,A02,A00,U,11,39
835,511,485,105,1697,34,2011-Q1,2,A07,A00,U,11,39
836,197,159,92,2772,53,2011-Q1,1,A02,A00,U,21,39
837,2025,1952,89,7622,100,2011-Q1,1,A07,A00,U,21,39
838,20,15,9,1349,6,2011-Q1,2,A02,A00,U,21,39
839,338,324,8,3605,16,2011-Q1,2,A07,A00,U,21,39
840,170,153,38,2895,28,2011-Q1,1,A02,A00,U,22,39
841,4881,4650,478,7801,637,2011-Q1,1,A07,A00,U,22,39
842,57,48,20,929,12,2011-Q1,2,A02,A00,U,22,39
843,1415,1351,70,4970,112,2011-Q1,2,A07,A00,U,22,39
844,3567,2902,1247,1576,1040,2011-Q1,1,A02,A00,U,23,39
845,16965,15585,2064,4685,1995,2011-Q1,1,A07,A00,U,23,39
846,472,389,187,1038,157,2011-Q1,2,A02,A00,U,23,39
847,4499,4280,390,2676,332,2011-Q1,2,A07,A00,U,23,39
848,643,475,584,1630,395,2011-Q2,1,A02,A00,U,11,39
849,1208,1116,426,3164,210,2011-Q2,1,A07,A00,U,11,39
850,240,183,242,1177,131,2011-Q2,2,A02,A00,U,11,39
851,706,620,293,2012,174,2011-Q2,2,A07,A00,U,11,39
852,231,195,165,3192,58,2011-Q2,1,A02,A00,U,21,39
853,2150,2068,143,8096,110,2011-Q2,1,A07,A00,U,21,39
854,22,17,31,2013,8,2011-Q2,2,A02,A00,U,21,39
855,341,325,24,4830,22,2011-Q2,2,A07,A00,U,21,39
856,155,143,214,2860,29,2011-Q2,1,A02,A00,U,22,39
857,4957,4783,140,6520,202,2011-Q2,1,A07,A00,U,22,39
858,64,58,147,944,13,2011-Q2,2,A02,A00,U,22,39
859,1438,1393,35,4318,53,2011-Q2,2,A07,A00,U,22,39
860,3706,3026,3881,1949,1533,2011-Q2,1,A02,A00,U,23,39
861,18666,17112,5610,4788,3034,2011-Q2,1,A07,A00,U,23,39
862,481,369,503,1265,213,2011-Q2,2,A02,A00,U,23,39
863,4854,4590,632,2782,418,2011-Q2,2,A07,A00,U,23,39
864,808,501,421,1587,543,2011-Q3,1,A02,A00,U,11,39
865,1413,1264,303,3176,272,2011-Q3,1,A07,A00,U,11,39
866,331,186,221,1198,271,2011-Q3,2,A02,A00,U,11,39
867,764,629,217,1969,229,2011-Q3,2,A07,A00,U,11,39
868,322,211,160,3414,151,2011-Q3,1,A02,A00,U,21,39
869,2268,2188,112,7314,109,2011-Q3,1,A07,A00,U,21,39
870,42,20,17,1018,23,2011-Q3,2,A02,A00,U,21,39
871,367,351,21,4405,20,2011-Q3,2,A07,A00,U,21,39
872,325,149,96,2800,217,2011-Q3,1,A02,A00,U,22,39
873,5147,4936,64,6887,237,2011-Q3,1,A07,A00,U,22,39
874,210,61,48,1205,183,2011-Q3,2,A02,A00,U,22,39
875,1494,1444,35,4904,58,2011-Q3,2,A07,A00,U,22,39
876,5841,3735,3373,2229,3553,2011-Q3,1,A02,A00,U,23,39
877,22171,20073,4658,5258,4075,2011-Q3,1,A07,A00,U,23,39
878,759,445,355,1404,485,2011-Q3,2,A02,A00,U,23,39
879,5255,4924,550,2990,518,2011-Q3,2,A07,A00,U,23,39
880,654,446,184,1581,293,2011-Q4,1,A02,A00,U,11,39
881,1429,1095,170,4416,423,2011-Q4,1,A07,A00,U,11,39
882,263,138,79,1110,166,2011-Q4,2,A02,A00,U,11,39
883,753,552,92,2045,258,2011-Q4,2,A07,A00,U,11,39
884,313,233,112,3646,101,2011-Q4,1,A02,A00,U,21,39
885,2325,2170,93,7487,189,2011-Q4,1,A07,A00,U,21,39
886,32,22,10,1038,13,2011-Q4,2,A02,A00,U,21,39
887,377,359,17,4579,26,2011-Q4,2,A07,A00,U,21,39
888,172,142,24,2504,40,2011-Q4,1,A02,A00,U,22,39
889,5162,5034,90,7589,160,2011-Q4,1,A07,A00,U,22,39
890,68,55,9,1031,16,2011-Q4,2,A02,A00,U,22,39
891,1512,1456,33,4634,68,2011-Q4,2,A07,A00,U,22,39
892,5173,3585,1963,2043,2432,2011-Q4,1,A02,A00,U,23,39
893,22928,18600,3450,5695,6147,2011-Q4,1,A07,A00,U,23,39
894,566,403,203,1197,258,2011-Q4,2,A02,A00,U,23,39
895,5287,4737,522,3215,845,2011-Q4,2,A07,A00,U,23,39
896,488,425,213,1473,123,2012-Q1,1,A02,A00,U,11,39
897,1080,1019,154,3763,93,2012-Q1,1,A07,A00,U,11,39
898,164,128,89,1004,63,2012-Q1,2,A02,A00,U,11,39
899,533,507,151,1873,46,2012-Q1,2,A07,A00,U,11,39
900,299,247,132,3693,74,2012-Q1,1,A02,A00,U,21,39
901,2166,2082,78,8256,104,2012-Q1,1,A07,A00,U,21,39
902,23,16,10,906,8,2012-Q1,2,A02,A00,U,21,39
903,368,357,24,4586,16,2012-Q1,2,A07,A00,U,21,39
904,142,124,38,2641,23,2012-Q1,1,A02,A00,U,22,39
905,5369,5148,245,8422,402,2012-Q1,1,A07,A00,U,22,39
906,56,44,20,854,15,2012-Q1,2,A02,A00,U,22,39
907,1528,1480,56,5232,71,2012-Q1,2,A07,A00,U,22,39
908,4260,3363,1536,1784,1382,2012-Q1,1,A02,A00,U,23,39
909,19801,17917,2447,4815,2726,2012-Q1,1,A07,A00,U,23,39
910,467,366,199,1106,158,2012-Q1,2,A02,A00,U,23,39
911,4846,4561,368,2849,395,2012-Q1,2,A07,A00,U,23,39
912,643,473,525,1746,355,2012-Q2,1,A02,A00,U,11,39
913,1344,1235,455,3275,231,2012-Q2,1,A07,A00,U,11,39
914,225,165,331,1183,145,2012-Q2,2,A02,A00,U,11,39
915,766,642,286,2109,210,2012-Q2,2,A07,A00,U,11,39
916,325,270,203,3854,90,2012-Q2,1,A02,A00,U,21,39
917,2242,2146,152,7685,132,2012-Q2,1,A07,A00,U,21,39
918,22,14,39,1328,12,2012-Q2,2,A02,A00,U,21,39
919,393,379,24,5813,24,2012-Q2,2,A07,A00,U,21,39
920,135,121,204,1968,25,2012-Q2,1,A02,A00,U,22,39
921,5245,5064,83,6624,206,2012-Q2,1,A07,A00,U,22,39
922,60,53,145,901,14,2012-Q2,2,A02,A00,U,22,39
923,1546,1492,37,4518,62,2012-Q2,2,A07,A00,U,22,39
924,4371,3520,4156,2115,1824,2012-Q2,1,A02,A00,U,23,39
925,21102,19249,5464,4933,3370,2012-Q2,1,A07,A00,U,23,39
926,496,390,516,1202,214,2012-Q2,2,A02,A00,U,23,39
927,5096,4832,668,2907,413,2012-Q2,2,A07,A00,U,23,39
928,744,494,355,1611,448,2012-Q3,1,A02,A00,U,11,39
929,1470,1344,285,3119,234,2012-Q3,1,A07,A00,U,11,39
930,379,211,162,1131,258,2012-Q3,2,A02,A00,U,11,39
931,762,665,206,1993,170,2012-Q3,2,A07,A00,U,11,39
932,394,262,142,4095,179,2012-Q3,1,A02,A00,U,21,39
933,2263,2173,90,6987,117,2012-Q3,1,A07,A00,U,21,39
934,47,20,12,1437,29,2012-Q3,2,A02,A00,U,21,39
935,400,383,15,4035,24,2012-Q3,2,A07,A00,U,21,39
936,308,124,61,2301,211,2012-Q3,1,A02,A00,U,22,39
937,5264,5071,63,6927,221,2012-Q3,1,A07,A00,U,22,39
938,194,51,30,1129,163,2012-Q3,2,A02,A00,U,22,39
939,1565,1511,16,4598,57,2012-Q3,2,A07,A00,U,22,39
940,6323,4145,2949,2195,3375,2012-Q3,1,A02,A00,U,23,39
941,23404,21119,4271,5082,4116,2012-Q3,1,A07,A00,U,23,39
942,776,446,251,1331,442,2012-Q3,2,A02,A00,U,23,39
943,5347,5031,488,2988,473,2012-Q3,2,A07,A00,U,23,39
944,641,410,200,1688,341,2012-Q4,1,A02,A00,U,11,39
945,1508,1144,159,4405,460,2012-Q4,1,A07,A00,U,11,39
946,256,151,80,952,141,2012-Q4,2,A02,A00,U,11,39
947,789,558,78,2276,282,2012-Q4,2,A07,A00,U,11,39
948,340,267,92,4005,110,2012-Q4,1,A02,A00,U,21,39
949,2291,2144,107,7980,176,2012-Q4,1,A07,A00,U,21,39
950,28,19,5,1214,10,2012-Q4,2,A02,A00,U,21,39
951,403,381,20,5324,26,2012-Q4,2,A07,A00,U,21,39
952,140,105,29,2402,39,2012-Q4,1,A02,A00,U,22,39
953,5290,5087,70,7272,234,2012-Q4,1,A07,A00,U,22,39
954,57,50,7,1096,8,2012-Q4,2,A02,A00,U,22,39
955,1586,1535,23,4921,60,2012-Q4,2,A07,A00,U,22,39
956,5534,3874,1782,2188,2470,2012-Q4,1,A02,A00,U,23,39
957,24105,19467,3389,6233,6599,2012-Q4,1,A07,A00,U,23,39
958,555,403,164,1279,232,2012-Q4,2,A02,A00,U,23,39
959,5431,4852,462,3484,832,2012-Q4,2,A07,A00,U,23,39
